"Genus","Pvalues","FDR"
"Veillonella",5.7009e-05,0.0038766
"Fusobacterium",0.00016429,0.0055859
"Holdemania",0.0011176,0.021203
"Paraprevotella",0.0012777,0.021203
"Megasphaera",0.001559,0.021203
"Akkermansia",0.0018927,0.021451
"Streptococcus",0.0026003,0.02526
"Ruminococcus",0.0038777,0.032961
