"Order","log2FC","lfcSE","Pvalues","FDR"
"Desulfovibrionales",-2.9668,0.78382,0.0001537,0.0035351
"Burkholderiales",-1.9952,0.60263,0.00093023,0.0094644
"Verrucomicrobiales",2.8306,0.87612,0.0012345,0.0094644
