"Genus","Pvalues","FDR"
"Catabacter",7.3084e-05,0.0051889
"Sutterella",0.00017482,0.0062062
"Oxalobacter",0.00065598,0.015525
"Gemmiger",0.0027396,0.048628
