"","AIH","healthy"
"Actinobacteria",0.00963186288882771,0.0166664599543805
"Bacteroidetes",0.524695544349469,0.481176591299367
"Euryarchaeota",0.000188757653824432,0.00107903813390672
"Firmicutes",0.40576926950788,0.450338312844387
"Fusobacteria",0.000101466564901671,6.48324897592854e-05
"Proteobacteria",0.0223338354436141,0.0305423040452091
"Unclassified",0.000131309672225691,0.000140940195128881
"Verrucomicrobia",0.0352193431084431,0.0180809357526939
"NA",0.00192861081081484,0.00191058528516712
