""	"log2FC"	"lfcSE"	"Pvalues"	"FDR"
"Pasteurellales"	3.3033	0.77949	2.2571e-05	0.00051914
"Desulfovibrionales"	-2.8975	0.71789	5.4334e-05	0.00062484
"Selenomonadales"	1.4091	0.50111	0.0049228	0.037741
